{
  "properties": {
    "connectionReferences": {
      "shared_commondataserviceforapps_1": {
        "runtimeSource": "embedded",
        "connection": {
          "connectionReferenceLogicalName": "tsp_sharedcommondataserviceforapps_c7122"
        },
        "api": {
          "name": "shared_commondataserviceforapps"
        }
      },
      "shared_commondataserviceforapps": {
        "runtimeSource": "embedded",
        "connection": {
          "connectionReferenceLogicalName": "tsp_sharedcommondataserviceforapps_c7122"
        },
        "api": {
          "name": "shared_commondataserviceforapps"
        }
      },
      "shared_onedriveforbusiness": {
        "runtimeSource": "embedded",
        "connection": {
          "connectionReferenceLogicalName": "tsp_sharedonedriveforbusiness_f6c16"
        },
        "api": {
          "name": "shared_onedriveforbusiness"
        }
      },
      "shared_approvals": {
        "runtimeSource": "embedded",
        "connection": {
          "connectionReferenceLogicalName": "tsp_sharedapprovals_1e5b9"
        },
        "api": {
          "name": "shared_approvals"
        }
      }
    },
    "definition": {
      "$schema": "https://schema.management.azure.com/providers/Microsoft.Logic/schemas/2016-06-01/workflowdefinition.json#",
      "contentVersion": "1.0.0.0",
      "parameters": {
        "$connections": {
          "defaultValue": {},
          "type": "Object"
        },
        "$authentication": {
          "defaultValue": {},
          "type": "SecureObject"
        }
      },
      "triggers": {
        "manual": {
          "metadata": {
            "operationMetadataId": "155d4d3d-d8f9-4a75-abf3-70339738333e"
          },
          "type": "Request",
          "kind": "Button",
          "inputs": {
            "schema": {
              "type": "object",
              "properties": {
                "text": {
                  "title": "Business Unit Id",
                  "type": "string",
                  "x-ms-dynamically-added": true,
                  "description": "Please enter your input",
                  "x-ms-content-hint": "TEXT"
                }
              },
              "required": [
                "text"
              ]
            }
          }
        }
      },
      "actions": {
        "Get_Business_Unit_Record": {
          "runAfter": {},
          "metadata": {
            "operationMetadataId": "fe1d5243-405d-4c6e-9503-8a8cd861f522"
          },
          "type": "OpenApiConnection",
          "inputs": {
            "host": {
              "connectionName": "shared_commondataserviceforapps_1",
              "operationId": "GetItem",
              "apiId": "/providers/Microsoft.PowerApps/apis/shared_commondataserviceforapps"
            },
            "parameters": {
              "entityName": "tsp_businessunits",
              "recordId": "@triggerBody()['text']"
            },
            "authentication": {
              "type": "Raw",
              "value": "@json(decodeBase64(triggerOutputs().headers['X-MS-APIM-Tokens']))['$ConnectionKey']"
            }
          }
        },
        "Get_BU_Manager_Record": {
          "runAfter": {
            "Get_Business_Unit_Record": [
              "Succeeded"
            ]
          },
          "metadata": {
            "operationMetadataId": "d5e5247c-8780-4b86-8edb-167c62053dfd"
          },
          "type": "OpenApiConnection",
          "inputs": {
            "host": {
              "connectionName": "shared_commondataserviceforapps_1",
              "operationId": "GetItem",
              "apiId": "/providers/Microsoft.PowerApps/apis/shared_commondataserviceforapps"
            },
            "parameters": {
              "entityName": "systemusers",
              "recordId": "@outputs('Get_Business_Unit_Record')?['body/_tsp_manager_value']"
            },
            "authentication": {
              "type": "Raw",
              "value": "@json(decodeBase64(triggerOutputs().headers['X-MS-APIM-Tokens']))['$ConnectionKey']"
            }
          }
        },
        "BU_Manager_Full_Name": {
          "runAfter": {
            "Get_BU_Manager_Record": [
              "Succeeded"
            ]
          },
          "metadata": {
            "operationMetadataId": "bf9eb599-f71e-423f-99a9-1a7e11738b1b"
          },
          "type": "Compose",
          "inputs": "@outputs('Get_BU_Manager_Record')?['body/fullname']"
        },
        "BU_Email_Address": {
          "runAfter": {
            "BU_Manager_Full_Name": [
              "Succeeded"
            ]
          },
          "metadata": {
            "operationMetadataId": "259b52d9-47a6-464b-8ecf-ec5ecb65e821"
          },
          "type": "Compose",
          "inputs": "@outputs('Get_BU_Manager_Record')?['body/internalemailaddress']"
        },
        "Get_All_records_for_Business_Unit": {
          "runAfter": {
            "BU_Email_Address": [
              "Succeeded"
            ]
          },
          "metadata": {
            "operationMetadataId": "5048bd40-cd1b-419f-bf51-f68d8be00ec7"
          },
          "type": "OpenApiConnection",
          "inputs": {
            "host": {
              "connectionName": "shared_commondataserviceforapps_1",
              "operationId": "ListRecords",
              "apiId": "/providers/Microsoft.PowerApps/apis/shared_commondataserviceforapps"
            },
            "parameters": {
              "entityName": "tsp_records",
              "$filter": "(_tsp_businessunit_value eq @{outputs('Get_Business_Unit_Record')?['body/tsp_businessunitid']})"
            },
            "authentication": {
              "type": "Raw",
              "value": "@json(decodeBase64(triggerOutputs().headers['X-MS-APIM-Tokens']))['$ConnectionKey']"
            }
          }
        },
        "Generate_Attestation_Report_File_Name": {
          "runAfter": {
            "Get_All_records_for_Business_Unit": [
              "Succeeded"
            ]
          },
          "metadata": {
            "operationMetadataId": "fad7a4bf-1b70-41d3-b2f1-626c08ea53fa"
          },
          "type": "Compose",
          "inputs": "@concat(first(outputs('Get_All_records_for_Business_Unit')?['body/value'])?['_tsp_businessunit_value@OData.Community.Display.V1.FormattedValue'], ' ', utcNow(), '.csv')"
        },
        "Initialize_Shaped_Output_variable": {
          "runAfter": {
            "Generate_Attestation_Report_File_Name": [
              "Succeeded"
            ]
          },
          "metadata": {
            "operationMetadataId": "b53468a5-e19b-4ed6-abb0-c13494c117af"
          },
          "type": "InitializeVariable",
          "inputs": {
            "variables": [
              {
                "name": "vArrOutput",
                "type": "array"
              }
            ]
          }
        },
        "Initialize_Single_Row_Object_variable": {
          "runAfter": {
            "Initialize_Shaped_Output_variable": [
              "Succeeded"
            ]
          },
          "metadata": {
            "operationMetadataId": "858b8918-4d3c-4e4b-981c-7b117b552ed2"
          },
          "type": "InitializeVariable",
          "inputs": {
            "variables": [
              {
                "name": "vArrSingleRowObject",
                "type": "object"
              }
            ]
          }
        },
        "Apply_to_each": {
          "foreach": "@outputs('Get_All_records_for_Business_Unit')?['body/value']",
          "actions": {
            "Get_Retention_Policy_Record": {
              "runAfter": {},
              "metadata": {
                "operationMetadataId": "5dbeee43-7a0a-4e59-9ab8-728fcdd80d05"
              },
              "type": "OpenApiConnection",
              "inputs": {
                "host": {
                  "connectionName": "shared_commondataserviceforapps",
                  "operationId": "GetItem",
                  "apiId": "/providers/Microsoft.PowerApps/apis/shared_commondataserviceforapps"
                },
                "parameters": {
                  "entityName": "tsp_retentionpolicies",
                  "recordId": "@items('Apply_to_each')?['_tsp_retentionpolicy_value']"
                },
                "authentication": {
                  "type": "Raw",
                  "value": "@json(decodeBase64(triggerOutputs().headers['X-MS-APIM-Tokens']))['$ConnectionKey']"
                }
              }
            },
            "Append_to_Output_Array": {
              "runAfter": {
                "Create_Single_Row_for_Output": [
                  "Succeeded"
                ]
              },
              "metadata": {
                "operationMetadataId": "204a2173-b855-44b1-836d-37bcfd105c66"
              },
              "type": "AppendToArrayVariable",
              "inputs": {
                "name": "vArrOutput",
                "value": "@variables('vArrSingleRowObject')"
              }
            },
            "Create_Single_Row_for_Output": {
              "runAfter": {
                "Get_Retention_Policy_Record": [
                  "Succeeded"
                ]
              },
              "metadata": {
                "operationMetadataId": "7fb9bf5f-d00e-443a-b737-8ef5e724a88d"
              },
              "type": "SetVariable",
              "inputs": {
                "name": "vArrSingleRowObject",
                "value": {
                  "Record Name": "@items('Apply_to_each')?['tsp_name']",
                  "Record Location": "@items('Apply_to_each')?['tsp_recordlocation']",
                  "Location Type": "@items('Apply_to_each')?['tsp_locationtype@OData.Community.Display.V1.FormattedValue']",
                  "Retention Policy": "@items('Apply_to_each')?['_tsp_retentionpolicy_value@OData.Community.Display.V1.FormattedValue']",
                  "Retention Period in Days": "@outputs('Get_Retention_Policy_Record')?['body/tsp_retentionperioddays']",
                  "Attorney": "@items('Apply_to_each')?['_tsp_attorney_value@OData.Community.Display.V1.FormattedValue']",
                  "Legal Hold Date": "@formatDateTime(items('Apply_to_each')?['tsp_legalholddate'],'MM/dd/yyyy')"
                }
              }
            }
          },
          "runAfter": {
            "Initialize_Single_Row_Object_variable": [
              "Succeeded"
            ]
          },
          "metadata": {
            "operationMetadataId": "b8bf2527-b5ee-401f-8a99-e8bd151c6fb9"
          },
          "type": "Foreach"
        },
        "Create_Virtual_CSV_table": {
          "runAfter": {
            "Apply_to_each": [
              "Succeeded"
            ]
          },
          "metadata": {
            "operationMetadataId": "f56efa9c-c721-4f60-9e84-3200647d46ed"
          },
          "type": "Table",
          "inputs": {
            "from": "@variables('vArrOutput')",
            "format": "CSV"
          }
        },
        "Generate_CSV_File_for_Attestation": {
          "runAfter": {
            "Create_Virtual_CSV_table": [
              "Succeeded"
            ]
          },
          "metadata": {
            "operationMetadataId": "514aaaf1-73ca-4a91-8ab3-0c569bc11d11"
          },
          "type": "OpenApiConnection",
          "inputs": {
            "host": {
              "connectionName": "shared_onedriveforbusiness",
              "operationId": "CreateFile",
              "apiId": "/providers/Microsoft.PowerApps/apis/shared_onedriveforbusiness"
            },
            "parameters": {
              "folderPath": "/Blue Shield CA/Records Retention",
              "name": "@outputs('Generate_Attestation_Report_File_Name')",
              "body": "@body('Create_Virtual_CSV_table')"
            },
            "authentication": {
              "type": "Raw",
              "value": "@json(decodeBase64(triggerOutputs().headers['X-MS-APIM-Tokens']))['$ConnectionKey']"
            }
          },
          "runtimeConfiguration": {
            "contentTransfer": {
              "transferMode": "Chunked"
            }
          }
        },
        "Retrieve_boilerplate_verbiage_for_attestation_email": {
          "runAfter": {
            "Generate_CSV_File_for_Attestation": [
              "Succeeded"
            ]
          },
          "metadata": {
            "operationMetadataId": "d1f8e195-4773-446a-98de-e52d7c86c3e5"
          },
          "type": "OpenApiConnection",
          "inputs": {
            "host": {
              "connectionName": "shared_commondataserviceforapps",
              "operationId": "ListRecords",
              "apiId": "/providers/Microsoft.PowerApps/apis/shared_commondataserviceforapps"
            },
            "parameters": {
              "entityName": "tsp_bscaconfigurations",
              "$filter": "(tsp_name eq 'Attestation Verbiage')",
              "$top": 1
            },
            "authentication": {
              "type": "Raw",
              "value": "@json(decodeBase64(triggerOutputs().headers['X-MS-APIM-Tokens']))['$ConnectionKey']"
            }
          }
        },
        "Get_First_BoilerPlate_Verbiage_Object": {
          "runAfter": {
            "Retrieve_boilerplate_verbiage_for_attestation_email": [
              "Succeeded"
            ]
          },
          "metadata": {
            "operationMetadataId": "3b74ebea-8b15-404a-a20e-a4a91098154b"
          },
          "type": "Compose",
          "inputs": "@first(outputs('Retrieve_boilerplate_verbiage_for_attestation_email')?['body/value'])"
        },
        "Get_Boilerplate_verbiage_text": {
          "runAfter": {
            "Get_First_BoilerPlate_Verbiage_Object": [
              "Succeeded"
            ]
          },
          "metadata": {
            "operationMetadataId": "990df727-27fa-40cf-8514-9c5ebc6c74b9"
          },
          "type": "Compose",
          "inputs": "@outputs('Get_First_BoilerPlate_Verbiage_Object')?['tsp_value']"
        },
        "Get_CSV_File_Contents_for_Approval": {
          "runAfter": {
            "Get_Boilerplate_verbiage_text": [
              "Succeeded"
            ]
          },
          "metadata": {
            "operationMetadataId": "b443ecfe-e8d9-47a6-8b8a-0d5c2cd6ccf3"
          },
          "type": "OpenApiConnection",
          "inputs": {
            "host": {
              "connectionName": "shared_onedriveforbusiness",
              "operationId": "GetFileContent",
              "apiId": "/providers/Microsoft.PowerApps/apis/shared_onedriveforbusiness"
            },
            "parameters": {
              "id": "@outputs('Generate_CSV_File_for_Attestation')?['body/Id']",
              "inferContentType": true
            },
            "authentication": {
              "type": "Raw",
              "value": "@json(decodeBase64(triggerOutputs().headers['X-MS-APIM-Tokens']))['$ConnectionKey']"
            }
          }
        },
        "Start_and_wait_for_an_approval": {
          "runAfter": {
            "Get_CSV_File_Contents_for_Approval": [
              "Succeeded"
            ]
          },
          "metadata": {
            "operationMetadataId": "77e9308e-39eb-4c7e-9de3-2827d726d625"
          },
          "type": "OpenApiConnectionWebhook",
          "inputs": {
            "host": {
              "connectionName": "shared_approvals",
              "operationId": "StartAndWaitForAnApproval",
              "apiId": "/providers/Microsoft.PowerApps/apis/shared_approvals"
            },
            "parameters": {
              "approvalType": "Basic",
              "WebhookApprovalCreationInput/title": "Attestation Request for BU - @{outputs('Get_Business_Unit_Record')?['body/tsp_name']}",
              "WebhookApprovalCreationInput/assignedTo": "@{outputs('BU_Email_Address')};",
              "WebhookApprovalCreationInput/details": "Hello @{outputs('BU_Manager_Full_Name')},\n@{outputs('Get_Boilerplate_verbiage_text')}",
              "WebhookApprovalCreationInput/enableNotifications": true,
              "WebhookApprovalCreationInput/enableReassignment": true,
              "WebhookApprovalCreationInput/attachments": [
                {
                  "name": "Claims.csv",
                  "content": "@body('Get_CSV_File_Contents_for_Approval')"
                }
              ]
            },
            "authentication": {
              "type": "Raw",
              "value": "@json(decodeBase64(triggerOutputs().headers['X-MS-APIM-Tokens']))['$ConnectionKey']"
            }
          }
        },
        "Respond_to_a_PowerApp_or_flow": {
          "runAfter": {
            "Start_and_wait_for_an_approval": [
              "Succeeded"
            ]
          },
          "metadata": {
            "operationMetadataId": "0c3069b4-0262-428d-aac7-00f054211b33"
          },
          "type": "Response",
          "kind": "PowerApp",
          "inputs": {
            "statusCode": 200,
            "body": {},
            "schema": {
              "type": "object",
              "properties": {}
            }
          }
        }
      }
    },
    "templateName": ""
  },
  "schemaVersion": "1.0.0.0"
}