{
  "properties": {
    "connectionReferences": {},
    "definition": {
      "$schema": "https://schema.management.azure.com/providers/Microsoft.Logic/schemas/2016-06-01/workflowdefinition.json#",
      "contentVersion": "1.0.0.0",
      "parameters": {
        "$authentication": {
          "defaultValue": {},
          "type": "SecureObject"
        }
      },
      "triggers": {
        "manual": {
          "metadata": {
            "operationMetadataId": "e62fd9bd-2c2c-48c3-b474-8c78466c979b"
          },
          "type": "Request",
          "kind": "Button",
          "inputs": {
            "schema": {
              "type": "object",
              "properties": {
                "text": {
                  "title": "Url",
                  "type": "string",
                  "x-ms-dynamically-added": true,
                  "description": "Please enter your input",
                  "x-ms-content-hint": "TEXT"
                }
              },
              "required": [
                "text"
              ]
            }
          }
        }
      },
      "actions": {
        "Get_Website_Data": {
          "runAfter": {},
          "metadata": {
            "operationMetadataId": "d7b63d4a-8862-46eb-ba72-b20d5e92a3e1"
          },
          "type": "Http",
          "inputs": {
            "method": "GET",
            "uri": "@triggerBody()['text']"
          }
        },
        "Get_Content_Length_from_HTTP_Header": {
          "runAfter": {
            "Get_Website_Data": [
              "Succeeded"
            ]
          },
          "metadata": {
            "operationMetadataId": "ffc68d33-d420-4279-ae2b-8ae8426f119b"
          },
          "type": "Compose",
          "inputs": "@outputs('Get_Website_Data')['headers']?['Content-Length']"
        },
        "Respond_to_a_PowerApp_or_flow": {
          "runAfter": {
            "Get_Content_Length_from_HTTP_Header": [
              "Succeeded"
            ]
          },
          "metadata": {
            "operationMetadataId": "ceae217c-2a17-4d49-ad06-ed1d93e445c2"
          },
          "type": "Response",
          "kind": "PowerApp",
          "inputs": {
            "statusCode": 200,
            "body": {
              "content_length": "@{outputs('Get_Content_Length_from_HTTP_Header')}"
            },
            "schema": {
              "type": "object",
              "properties": {
                "content_length": {
                  "title": "Content Length",
                  "x-ms-dynamically-added": true,
                  "type": "string",
                  "format": "date"
                }
              }
            }
          }
        }
      }
    },
    "templateName": ""
  },
  "schemaVersion": "1.0.0.0"
}