{
  "properties": {
    "connectionReferences": {
      "shared_commondataserviceforapps": {
        "runtimeSource": "embedded",
        "connection": {
          "connectionReferenceLogicalName": "tsp_sharedcommondataserviceforapps_c7122"
        },
        "api": {
          "name": "shared_commondataserviceforapps"
        }
      }
    },
    "definition": {
      "$schema": "https://schema.management.azure.com/providers/Microsoft.Logic/schemas/2016-06-01/workflowdefinition.json#",
      "contentVersion": "1.0.0.0",
      "parameters": {
        "$connections": {
          "defaultValue": {},
          "type": "Object"
        },
        "$authentication": {
          "defaultValue": {},
          "type": "SecureObject"
        }
      },
      "triggers": {
        "Recurrence": {
          "recurrence": {
            "frequency": "Month",
            "interval": 12,
            "startTime": "2023-03-13T15:00:00Z"
          },
          "metadata": {
            "operationMetadataId": "732a01b6-0783-457f-99d2-bb0680dc0123"
          },
          "type": "Recurrence"
        }
      },
      "actions": {
        "Get_All_Business_Units": {
          "runAfter": {},
          "metadata": {
            "operationMetadataId": "1c6b7456-4db8-4ca3-827d-32a7128830a9"
          },
          "type": "OpenApiConnection",
          "inputs": {
            "host": {
              "connectionName": "shared_commondataserviceforapps",
              "operationId": "ListRecords",
              "apiId": "/providers/Microsoft.PowerApps/apis/shared_commondataserviceforapps"
            },
            "parameters": {
              "entityName": "tsp_businessunits",
              "$top": 100
            },
            "authentication": "@parameters('$authentication')"
          }
        },
        "Apply_to_each": {
          "foreach": "@outputs('Get_All_Business_Units')?['body/value']",
          "actions": {
            "Process_Attestation_for_current_BU": {
              "runAfter": {},
              "metadata": {
                "operationMetadataId": "ddbf1453-3df4-4d0a-8215-bf65e7642723"
              },
              "type": "Workflow",
              "inputs": {
                "host": {
                  "workflowReferenceName": "f295a938-63c1-ed11-83ff-000d3a339520"
                },
                "body": {
                  "text": "@items('Apply_to_each')?['tsp_businessunitid']"
                }
              }
            }
          },
          "runAfter": {
            "Get_All_Business_Units": [
              "Succeeded"
            ]
          },
          "metadata": {
            "operationMetadataId": "82c9f760-1710-4bc1-9ce2-c5f0f9f3ae28"
          },
          "type": "Foreach"
        }
      }
    },
    "templateName": null
  },
  "schemaVersion": "1.0.0.0"
}