{
  "properties": {
    "connectionReferences": {
      "shared_commondataserviceforapps": {
        "runtimeSource": "embedded",
        "connection": {
          "connectionReferenceLogicalName": "tsp_sharedcommondataserviceforapps_c7122"
        },
        "api": {
          "name": "shared_commondataserviceforapps"
        }
      }
    },
    "definition": {
      "$schema": "https://schema.management.azure.com/providers/Microsoft.Logic/schemas/2016-06-01/workflowdefinition.json#",
      "contentVersion": "1.0.0.0",
      "parameters": {
        "$connections": {
          "defaultValue": {},
          "type": "Object"
        },
        "$authentication": {
          "defaultValue": {},
          "type": "SecureObject"
        }
      },
      "triggers": {
        "When_a_row_is_added,_modified_or_deleted": {
          "metadata": {
            "operationMetadataId": "b1b17449-3da0-47b5-ae0f-86a6e2cbbe65"
          },
          "type": "OpenApiConnectionWebhook",
          "inputs": {
            "host": {
              "connectionName": "shared_commondataserviceforapps",
              "operationId": "SubscribeWebhookTrigger",
              "apiId": "/providers/Microsoft.PowerApps/apis/shared_commondataserviceforapps"
            },
            "parameters": {
              "subscriptionRequest/message": 3,
              "subscriptionRequest/entityname": "tsp_retentionpolicy",
              "subscriptionRequest/scope": 4
            },
            "authentication": "@parameters('$authentication')"
          }
        }
      },
      "actions": {
        "Get_All_Records_affected_by_Retention_Policy_Change": {
          "runAfter": {
            "Initialize_Business_Unit_variable": [
              "Succeeded"
            ]
          },
          "metadata": {
            "operationMetadataId": "fb70a6b4-650d-4385-b44c-6cd6835707fa"
          },
          "type": "OpenApiConnection",
          "inputs": {
            "host": {
              "connectionName": "shared_commondataserviceforapps",
              "operationId": "ListRecords",
              "apiId": "/providers/Microsoft.PowerApps/apis/shared_commondataserviceforapps"
            },
            "parameters": {
              "entityName": "tsp_records",
              "$select": "_tsp_businessunit_value",
              "$filter": "(_tsp_retentionpolicy_value eq @{triggerOutputs()?['body/tsp_retentionpolicyid']})"
            },
            "authentication": "@parameters('$authentication')"
          }
        },
        "Initialize_Business_Unit_variable": {
          "runAfter": {},
          "metadata": {
            "operationMetadataId": "166ab6e4-23f5-4b82-b2da-5582bbd728ad"
          },
          "type": "InitializeVariable",
          "inputs": {
            "variables": [
              {
                "name": "vArrBusinessUnits",
                "type": "array"
              }
            ]
          }
        },
        "Apply_to_each": {
          "foreach": "@outputs('Get_All_Records_affected_by_Retention_Policy_Change')?['body/value']",
          "actions": {
            "Append_to_array_variable": {
              "runAfter": {},
              "metadata": {
                "operationMetadataId": "84ceb484-f301-4da8-838e-62dc6db4e490"
              },
              "type": "AppendToArrayVariable",
              "inputs": {
                "name": "vArrBusinessUnits",
                "value": "@items('Apply_to_each')?['_tsp_businessunit_value']"
              }
            }
          },
          "runAfter": {
            "Get_All_Records_affected_by_Retention_Policy_Change": [
              "Succeeded"
            ]
          },
          "metadata": {
            "operationMetadataId": "a82b84a7-68f2-4621-a9b5-6b756aed4a2c"
          },
          "type": "Foreach"
        },
        "Deduplicate_Business_Units": {
          "runAfter": {
            "Apply_to_each": [
              "Succeeded"
            ]
          },
          "metadata": {
            "operationMetadataId": "24664313-93d1-454c-82a0-08f0117ddbd0"
          },
          "type": "Compose",
          "inputs": "@union(variables('vArrBusinessUnits'),variables('vArrBusinessUnits'))"
        },
        "Initialize_Unique_Business_Units_variable": {
          "runAfter": {
            "Deduplicate_Business_Units": [
              "Succeeded"
            ]
          },
          "metadata": {
            "operationMetadataId": "1806385c-d291-4240-b8c1-49499c194e66"
          },
          "type": "InitializeVariable",
          "inputs": {
            "variables": [
              {
                "name": "vArrUniqueBusinessUnits",
                "type": "array",
                "value": "@outputs('Deduplicate_Business_Units')"
              }
            ]
          }
        },
        "Apply_to_each_2": {
          "foreach": "@variables('vArrUniqueBusinessUnits')",
          "actions": {
            "Request_BU_Attestation_for_change_in_retention_period": {
              "runAfter": {},
              "metadata": {
                "operationMetadataId": "4026c714-c3cb-48aa-a7c5-2df7cd88b589"
              },
              "type": "Workflow",
              "inputs": {
                "host": {
                  "workflowReferenceName": "782911be-a7d7-ed11-a7c7-000d3a339520"
                },
                "body": {
                  "text": "@items('Apply_to_each_2')",
                  "text_1": "@triggerOutputs()?['body/tsp_retentionpolicyid']",
                  "text_2": "@triggerOutputs()?['body/tsp_retentionpolicyname']",
                  "text_3": "@string(triggerOutputs()?['body/tsp_retentionperioddays'])"
                }
              }
            }
          },
          "runAfter": {
            "Initialize_Unique_Business_Units_variable": [
              "Succeeded"
            ]
          },
          "metadata": {
            "operationMetadataId": "59a44789-f01f-45f5-ad9b-5671623af197"
          },
          "type": "Foreach",
          "runtimeConfiguration": {
            "concurrency": {
              "repetitions": 20
            }
          }
        }
      }
    },
    "templateName": ""
  },
  "schemaVersion": "1.0.0.0"
}