{
  "properties": {
    "connectionReferences": {
      "shared_commondataserviceforapps": {
        "runtimeSource": "embedded",
        "connection": {
          "connectionReferenceLogicalName": "tsp_sharedcommondataserviceforapps_c7122"
        },
        "api": {
          "name": "shared_commondataserviceforapps"
        }
      }
    },
    "definition": {
      "$schema": "https://schema.management.azure.com/providers/Microsoft.Logic/schemas/2016-06-01/workflowdefinition.json#",
      "contentVersion": "1.0.0.0",
      "parameters": {
        "$connections": {
          "defaultValue": {},
          "type": "Object"
        },
        "$authentication": {
          "defaultValue": {},
          "type": "SecureObject"
        }
      },
      "triggers": {
        "Recurrence": {
          "recurrence": {
            "frequency": "Month",
            "interval": 1,
            "startTime": "2023-04-01T15:00:00Z"
          },
          "metadata": {
            "operationMetadataId": "073f186c-f794-4d80-9335-b514b34ad686"
          },
          "type": "Recurrence"
        }
      },
      "actions": {
        "Get_All_Website_Links": {
          "runAfter": {},
          "metadata": {
            "operationMetadataId": "a33068ff-f405-491b-bce8-eb3e340ca6fb"
          },
          "type": "OpenApiConnection",
          "inputs": {
            "host": {
              "connectionName": "shared_commondataserviceforapps",
              "operationId": "ListRecords",
              "apiId": "/providers/Microsoft.PowerApps/apis/shared_commondataserviceforapps"
            },
            "parameters": {
              "entityName": "tsp_websites"
            },
            "authentication": "@parameters('$authentication')"
          }
        },
        "Apply_to_each": {
          "foreach": "@outputs('Get_All_Website_Links')?['body/value']",
          "actions": {
            "Get_Webpage_Content": {
              "runAfter": {},
              "metadata": {
                "operationMetadataId": "5af8b919-e66a-4550-9f62-d26e0b36d7c3"
              },
              "type": "Workflow",
              "inputs": {
                "host": {
                  "workflowReferenceName": "e71a860d-fed0-ed11-a7c7-000d3a339520"
                },
                "body": {
                  "text": "@items('Apply_to_each')?['tsp_url']"
                }
              }
            },
            "Update_Website_content_Length": {
              "runAfter": {
                "Get_Webpage_Content": [
                  "Succeeded"
                ]
              },
              "metadata": {
                "operationMetadataId": "861efcbe-9993-481d-a105-8706207f3641"
              },
              "type": "OpenApiConnection",
              "inputs": {
                "host": {
                  "connectionName": "shared_commondataserviceforapps",
                  "operationId": "UpdateRecord",
                  "apiId": "/providers/Microsoft.PowerApps/apis/shared_commondataserviceforapps"
                },
                "parameters": {
                  "entityName": "tsp_websites",
                  "recordId": "@items('Apply_to_each')?['tsp_websiteid']",
                  "item/tsp_contentlength": "@int(body('Get_Webpage_Content')?['content_length'])"
                },
                "authentication": "@parameters('$authentication')"
              }
            }
          },
          "runAfter": {
            "Get_All_Website_Links": [
              "Succeeded"
            ]
          },
          "metadata": {
            "operationMetadataId": "326b1a55-24a9-4988-a289-4774f8b8a758"
          },
          "type": "Foreach"
        }
      }
    },
    "templateName": ""
  },
  "schemaVersion": "1.0.0.0"
}