{"name":"87a8aeca-7737-465a-adb1-3f209a663e39","id":"/providers/Microsoft.Flow/flows/87a8aeca-7737-465a-adb1-3f209a663e39","type":"Microsoft.Flow/flows","properties":{"apiId":"/providers/Microsoft.PowerApps/apis/shared_logicflows","displayName":"Send Attestation Request","definition":{"metadata":{"workflowEntityId":null,"processAdvisorMetadata":null,"flowclientsuspensionreason":"None","flowclientsuspensiontime":null,"flowclientsuspensionreasondetails":null,"creator":{"id":"b8538f1b-3e91-40bd-913b-f80b5e470f27","type":"User","tenantId":"c5fb6007-0035-44bf-bfa3-128d452518a5"},"provisioningMethod":"FromDefinition","failureAlertSubscription":true,"clientLastModifiedTime":"2023-03-13T07:03:13.3917609Z","flowChargedByPaygo":null},"$schema":"https://schema.management.azure.com/providers/Microsoft.Logic/schemas/2016-06-01/workflowdefinition.json#","contentVersion":"1.0.0.0","parameters":{"$connections":{"defaultValue":{},"type":"Object"},"$authentication":{"defaultValue":{},"type":"SecureObject"},"dynamicscrmonline.organizationName":{"defaultValue":"","type":"String"},"dynamicscrmonline.entityName":{"defaultValue":"","type":"String"}},"triggers":{"manual":{"splitOn":"@triggerBody()['rows']","metadata":{"operationMetadataId":"3d73cf6d-5da0-4811-aadb-3207d7937665"},"type":"Request","kind":"ApiConnection","inputs":{"schema":{"type":"object","properties":{"rows":{"type":"array","items":{"type":"object","properties":{"entity":{"type":"object","properties":{"tsp_businessunitid":{"title":"Business Unit","type":"string","format":"guid"}},"required":["tsp_businessunitid"]}},"required":["entity"]}}},"required":["rows"]},"host":{"connection":{"name":"@parameters('$connections')['shared_commondataservice']['connectionId']"},"api":{"runtimeUrl":"https://flow-apim-unitedstates-002-westus-01.azure-apim.net/apim/commondataservice"}},"operationId":"GetOnNewItems_V2","parameters":{"dataset":"default.cds","table":"tsp_businessunits"}}}},"actions":{"Get_All_records_for_Business_Unit":{"runAfter":{"BU_Email_Address":["Succeeded"]},"metadata":{"operationMetadataId":"5048bd40-cd1b-419f-bf51-f68d8be00ec7"},"type":"OpenApiConnection","inputs":{"host":{"apiId":"/providers/Microsoft.PowerApps/apis/shared_commondataserviceforapps","connectionName":"shared_commondataserviceforapps","operationId":"ListRecords"},"parameters":{"entityName":"tsp_records","$filter":"(_tsp_businessunit_value eq @{triggerBody()?['entity']?['tsp_businessunitid']})"},"authentication":"@parameters('$authentication')"}},"Apply_to_each":{"foreach":"@outputs('Get_All_records_for_Business_Unit')?['body/value']","actions":{"Get_Retention_Policy_Record":{"runAfter":{},"metadata":{"operationMetadataId":"5dbeee43-7a0a-4e59-9ab8-728fcdd80d05"},"type":"OpenApiConnection","inputs":{"host":{"apiId":"/providers/Microsoft.PowerApps/apis/shared_commondataserviceforapps","connectionName":"shared_commondataserviceforapps","operationId":"GetItem"},"parameters":{"entityName":"tsp_retentionpolicies","recordId":"@items('Apply_to_each')?['_tsp_retentionpolicy_value']"},"authentication":"@parameters('$authentication')"}},"Append_to_Output_Array":{"runAfter":{"Create_Single_Row_for_Output":["Succeeded"]},"metadata":{"operationMetadataId":"204a2173-b855-44b1-836d-37bcfd105c66"},"type":"AppendToArrayVariable","inputs":{"name":"vArrOutput","value":"@variables('vArrSingleRowObject')"}},"Create_Single_Row_for_Output":{"runAfter":{"Get_Retention_Policy_Record":["Succeeded"]},"metadata":{"operationMetadataId":"7fb9bf5f-d00e-443a-b737-8ef5e724a88d"},"type":"SetVariable","inputs":{"name":"vArrSingleRowObject","value":{"Record Name":"@items('Apply_to_each')?['tsp_name']","Record Location":"@items('Apply_to_each')?['tsp_recordlocation']","Location Type":"@items('Apply_to_each')?['tsp_locationtype@OData.Community.Display.V1.FormattedValue']","Retention Policy":"@items('Apply_to_each')?['_tsp_retentionpolicy_value@OData.Community.Display.V1.FormattedValue']","Retention Period in Days":"@outputs('Get_Retention_Policy_Record')?['body/tsp_retentionperioddays']","Attorney":"@items('Apply_to_each')?['_tsp_attorney_value@OData.Community.Display.V1.FormattedValue']"}}}},"runAfter":{"Initialize_Single_Row_Object_variable":["Succeeded"]},"metadata":{"operationMetadataId":"b8bf2527-b5ee-401f-8a99-e8bd151c6fb9"},"type":"Foreach"},"Initialize_Shaped_Output_variable":{"runAfter":{"Generate_Attestation_Report_File_Name":["Succeeded"]},"metadata":{"operationMetadataId":"b53468a5-e19b-4ed6-abb0-c13494c117af"},"type":"InitializeVariable","inputs":{"variables":[{"name":"vArrOutput","type":"array"}]}},"Initialize_Single_Row_Object_variable":{"runAfter":{"Initialize_Shaped_Output_variable":["Succeeded"]},"metadata":{"operationMetadataId":"858b8918-4d3c-4e4b-981c-7b117b552ed2"},"type":"InitializeVariable","inputs":{"variables":[{"name":"vArrSingleRowObject","type":"object"}]}},"Create_Virtual_CSV_table":{"runAfter":{"Apply_to_each":["Succeeded"]},"metadata":{"operationMetadataId":"f56efa9c-c721-4f60-9e84-3200647d46ed"},"type":"Table","inputs":{"from":"@variables('vArrOutput')","format":"CSV"}},"Generate_CSV_File_for_Attestation":{"runAfter":{"Create_Virtual_CSV_table":["Succeeded"]},"metadata":{"operationMetadataId":"514aaaf1-73ca-4a91-8ab3-0c569bc11d11"},"type":"OpenApiConnection","inputs":{"host":{"apiId":"/providers/Microsoft.PowerApps/apis/shared_onedriveforbusiness","connectionName":"shared_onedriveforbusiness","operationId":"CreateFile"},"parameters":{"folderPath":"/Blue Shield CA/Records Retention","name":"@outputs('Generate_Attestation_Report_File_Name')","body":"@body('Create_Virtual_CSV_table')"},"authentication":{"value":"@json(decodeBase64(triggerOutputs().headers['X-MS-APIM-Tokens']))['$ConnectionKey']","type":"Raw"}},"runtimeConfiguration":{"contentTransfer":{"transferMode":"Chunked"}}},"Generate_Attestation_Report_File_Name":{"runAfter":{"Get_All_records_for_Business_Unit":["Succeeded"]},"metadata":{"operationMetadataId":"fad7a4bf-1b70-41d3-b2f1-626c08ea53fa"},"type":"Compose","inputs":"@concat(first(outputs('Get_All_records_for_Business_Unit')?['body/value'])?['_tsp_businessunit_value@OData.Community.Display.V1.FormattedValue'], ' ',utcNow(),'.csv')"},"Retrieve_boilerplate_verbiage_for_attestation_email":{"runAfter":{"Generate_CSV_File_for_Attestation":["Succeeded"]},"metadata":{"operationMetadataId":"d1f8e195-4773-446a-98de-e52d7c86c3e5"},"type":"OpenApiConnection","inputs":{"host":{"apiId":"/providers/Microsoft.PowerApps/apis/shared_commondataserviceforapps","connectionName":"shared_commondataserviceforapps","operationId":"ListRecords"},"parameters":{"entityName":"tsp_bscaconfigurations","$filter":"(tsp_name eq 'Attestation Verbiage')","$top":1},"authentication":"@parameters('$authentication')"}},"Get_First_BoilerPlate_Verbiage_Object":{"runAfter":{"Retrieve_boilerplate_verbiage_for_attestation_email":["Succeeded"]},"metadata":{"operationMetadataId":"3b74ebea-8b15-404a-a20e-a4a91098154b"},"type":"Compose","inputs":"@first(outputs('Retrieve_boilerplate_verbiage_for_attestation_email')?['body/value'])"},"Get_Boilerplate_verbiage_text":{"runAfter":{"Get_First_BoilerPlate_Verbiage_Object":["Succeeded"]},"metadata":{"operationMetadataId":"990df727-27fa-40cf-8514-9c5ebc6c74b9"},"type":"Compose","inputs":"@outputs('Get_First_BoilerPlate_Verbiage_Object')?['tsp_value']"},"Get_Business_Unit_Record":{"runAfter":{},"metadata":{"operationMetadataId":"fe1d5243-405d-4c6e-9503-8a8cd861f522"},"type":"OpenApiConnection","inputs":{"host":{"apiId":"/providers/Microsoft.PowerApps/apis/shared_commondataserviceforapps","connectionName":"shared_commondataserviceforapps","operationId":"GetItem"},"parameters":{"entityName":"tsp_businessunits","recordId":"@triggerBody()?['entity']?['tsp_businessunitid']"},"authentication":"@parameters('$authentication')"}},"Get_BU_Manager_Record":{"runAfter":{"Get_Business_Unit_Record":["Succeeded"]},"metadata":{"operationMetadataId":"d5e5247c-8780-4b86-8edb-167c62053dfd"},"type":"OpenApiConnection","inputs":{"host":{"apiId":"/providers/Microsoft.PowerApps/apis/shared_commondataserviceforapps","connectionName":"shared_commondataserviceforapps","operationId":"GetItem"},"parameters":{"entityName":"systemusers","recordId":"@outputs('Get_Business_Unit_Record')?['body/_tsp_manager_value']"},"authentication":"@parameters('$authentication')"}},"BU_Email_Address":{"runAfter":{"BU_Manager_Full_Name":["Succeeded"]},"metadata":{"operationMetadataId":"259b52d9-47a6-464b-8ecf-ec5ecb65e821"},"type":"Compose","inputs":"@outputs('Get_BU_Manager_Record')?['body/internalemailaddress']"},"BU_Manager_Full_Name":{"runAfter":{"Get_BU_Manager_Record":["Succeeded"]},"metadata":{"operationMetadataId":"bf9eb599-f71e-423f-99a9-1a7e11738b1b"},"type":"Compose","inputs":"@outputs('Get_BU_Manager_Record')?['body/fullname']"},"Get_CSV_File_Contents_for_Approval":{"runAfter":{"Get_Boilerplate_verbiage_text":["Succeeded"]},"metadata":{"operationMetadataId":"b443ecfe-e8d9-47a6-8b8a-0d5c2cd6ccf3"},"type":"OpenApiConnection","inputs":{"host":{"apiId":"/providers/Microsoft.PowerApps/apis/shared_onedriveforbusiness","connectionName":"shared_onedriveforbusiness","operationId":"GetFileContent"},"parameters":{"id":"@outputs('Generate_CSV_File_for_Attestation')?['body/Id']","inferContentType":true},"authentication":{"value":"@json(decodeBase64(triggerOutputs().headers['X-MS-APIM-Tokens']))['$ConnectionKey']","type":"Raw"}}},"Start_and_wait_for_an_approval":{"runAfter":{"Get_CSV_File_Contents_for_Approval":["Succeeded"]},"metadata":{"operationMetadataId":"77e9308e-39eb-4c7e-9de3-2827d726d625"},"type":"OpenApiConnectionWebhook","inputs":{"host":{"apiId":"/providers/Microsoft.PowerApps/apis/shared_approvals","connectionName":"shared_approvals","operationId":"StartAndWaitForAnApproval"},"parameters":{"approvalType":"Basic","WebhookApprovalCreationInput/title":"Attestation Request for BU - @{outputs('Get_Business_Unit_Record')?['body/tsp_name']}","WebhookApprovalCreationInput/assignedTo":"@{outputs('BU_Email_Address')};","WebhookApprovalCreationInput/details":"Hello @{outputs('BU_Manager_Full_Name')},\n@{outputs('Get_Boilerplate_verbiage_text')}","WebhookApprovalCreationInput/enableNotifications":true,"WebhookApprovalCreationInput/enableReassignment":true,"WebhookApprovalCreationInput/attachments":[{"name":"Claims.csv","content":"@body('Get_CSV_File_Contents_for_Approval')"}]},"authentication":{"value":"@json(decodeBase64(triggerOutputs().headers['X-MS-APIM-Tokens']))['$ConnectionKey']","type":"Raw"}}},"Get_First_Disposition_request":{"runAfter":{"Start_and_wait_for_an_approval":["Succeeded"]},"metadata":{"operationMetadataId":"1a74a2ed-51f1-4dc1-a465-1e9904b97e89"},"type":"Compose","inputs":"@first(outputs('Start_and_wait_for_an_approval')?['body/responses'])"},"Create_Attestation_Record":{"runAfter":{"Get_First_Disposition_request":["Succeeded"]},"metadata":{"operationMetadataId":"284c0156-fc79-4b93-9387-40da65c9b8b4"},"type":"OpenApiConnection","inputs":{"host":{"apiId":"/providers/Microsoft.PowerApps/apis/shared_commondataserviceforapps","connectionName":"shared_commondataserviceforapps","operationId":"CreateRecord"},"parameters":{"entityName":"tsp_attestationlogs","item/tsp_name":"Attestation Log for @{outputs('Get_Business_Unit_Record')?['body/tsp_name']}","item/tsp_BusinessUnit@odata.bind":"@outputs('Get_Business_Unit_Record')?['body/@odata.id']","item/tsp_comments":"@outputs('Get_First_Disposition_request')?['comments']","item/tsp_requestedon":"@outputs('Get_First_Disposition_request')?['requestDate']","item/tsp_respondedon":"@outputs('Get_First_Disposition_request')?['responseDate']","item/tsp_Responder@odata.bind":"@outputs('Get_BU_Manager_Record')?['body/@odata.id']","item/tsp_response":"@outputs('Get_First_Disposition_request')?['approverResponse']"},"authentication":"@parameters('$authentication')"}}},"description":"Create one or more actions to happen when records in the Microsoft Dataverse portal are selected. To use this flow from Microsoft Dataverse, select the record(s) you want to send to the flow, go to the command bar at the top of the screen, select Flows, and choose this flow."},"connectionReferences":{"shared_commondataservice":{"connectionName":"shared-commondataser-8cd3dad3-d812-4a30-b9fb-3e6ce63bf624","source":"Invoker","id":"/providers/Microsoft.PowerApps/apis/shared_commondataservice","tier":"NotSpecified"},"shared_commondataserviceforapps":{"connectionName":"shared-commondataser-07e32a7f-ba97-4080-b1dc-a18819871427","source":"Embedded","id":"/providers/Microsoft.PowerApps/apis/shared_commondataserviceforapps","tier":"NotSpecified"},"shared_onedriveforbusiness":{"connectionName":"shared-onedriveforbu-233470c8-e654-48ce-92df-4128b2cfec41","source":"Invoker","id":"/providers/Microsoft.PowerApps/apis/shared_onedriveforbusiness","tier":"NotSpecified"},"shared_approvals":{"connectionName":"shared-approvals-baef571d-1ef3-4727-a1e1-057d50cc246b","source":"Invoker","id":"/providers/Microsoft.PowerApps/apis/shared_approvals","tier":"NotSpecified"}},"flowFailureAlertSubscribed":false,"isManaged":false}}