<ImportExportXml version="9.2.23041.242" SolutionPackageVersion="9.2" languagecode="1033" generatedBy="CrmLive" xmlns:xsi="http://www.w3.org/2001/XMLSchema-instance">
  <SolutionManifest>
    <UniqueName>BlueShieldRecordsRetentionManagement</UniqueName>
    <LocalizedNames>
      <LocalizedName description="Blue Shield Records Retention Management" languagecode="1033" />
    </LocalizedNames>
    <Descriptions />
    <Version>1.0.0.2</Version>
    <Managed>0</Managed>
    <Publisher>
      <UniqueName>TSP</UniqueName>
      <LocalizedNames>
        <LocalizedName description="TSP" languagecode="1033" />
      </LocalizedNames>
      <Descriptions />
      <EMailAddress xsi:nil="true"></EMailAddress>
      <SupportingWebsiteUrl xsi:nil="true"></SupportingWebsiteUrl>
      <CustomizationPrefix>tsp</CustomizationPrefix>
      <CustomizationOptionValuePrefix>93377</CustomizationOptionValuePrefix>
      <Addresses>
        <Address>
          <AddressNumber>1</AddressNumber>
          <AddressTypeCode>1</AddressTypeCode>
          <City xsi:nil="true"></City>
          <County xsi:nil="true"></County>
          <Country xsi:nil="true"></Country>
          <Fax xsi:nil="true"></Fax>
          <FreightTermsCode xsi:nil="true"></FreightTermsCode>
          <ImportSequenceNumber xsi:nil="true"></ImportSequenceNumber>
          <Latitude xsi:nil="true"></Latitude>
          <Line1 xsi:nil="true"></Line1>
          <Line2 xsi:nil="true"></Line2>
          <Line3 xsi:nil="true"></Line3>
          <Longitude xsi:nil="true"></Longitude>
          <Name xsi:nil="true"></Name>
          <PostalCode xsi:nil="true"></PostalCode>
          <PostOfficeBox xsi:nil="true"></PostOfficeBox>
          <PrimaryContactName xsi:nil="true"></PrimaryContactName>
          <ShippingMethodCode>1</ShippingMethodCode>
          <StateOrProvince xsi:nil="true"></StateOrProvince>
          <Telephone1 xsi:nil="true"></Telephone1>
          <Telephone2 xsi:nil="true"></Telephone2>
          <Telephone3 xsi:nil="true"></Telephone3>
          <TimeZoneRuleVersionNumber xsi:nil="true"></TimeZoneRuleVersionNumber>
          <UPSZone xsi:nil="true"></UPSZone>
          <UTCOffset xsi:nil="true"></UTCOffset>
          <UTCConversionTimeZoneCode xsi:nil="true"></UTCConversionTimeZoneCode>
        </Address>
        <Address>
          <AddressNumber>2</AddressNumber>
          <AddressTypeCode>1</AddressTypeCode>
          <City xsi:nil="true"></City>
          <County xsi:nil="true"></County>
          <Country xsi:nil="true"></Country>
          <Fax xsi:nil="true"></Fax>
          <FreightTermsCode xsi:nil="true"></FreightTermsCode>
          <ImportSequenceNumber xsi:nil="true"></ImportSequenceNumber>
          <Latitude xsi:nil="true"></Latitude>
          <Line1 xsi:nil="true"></Line1>
          <Line2 xsi:nil="true"></Line2>
          <Line3 xsi:nil="true"></Line3>
          <Longitude xsi:nil="true"></Longitude>
          <Name xsi:nil="true"></Name>
          <PostalCode xsi:nil="true"></PostalCode>
          <PostOfficeBox xsi:nil="true"></PostOfficeBox>
          <PrimaryContactName xsi:nil="true"></PrimaryContactName>
          <ShippingMethodCode>1</ShippingMethodCode>
          <StateOrProvince xsi:nil="true"></StateOrProvince>
          <Telephone1 xsi:nil="true"></Telephone1>
          <Telephone2 xsi:nil="true"></Telephone2>
          <Telephone3 xsi:nil="true"></Telephone3>
          <TimeZoneRuleVersionNumber xsi:nil="true"></TimeZoneRuleVersionNumber>
          <UPSZone xsi:nil="true"></UPSZone>
          <UTCOffset xsi:nil="true"></UTCOffset>
          <UTCConversionTimeZoneCode xsi:nil="true"></UTCConversionTimeZoneCode>
        </Address>
      </Addresses>
    </Publisher>
    <RootComponents>
      <RootComponent type="1" schemaName="contact" behavior="1" />
      <RootComponent type="1" schemaName="systemuser" behavior="2" />
      <RootComponent type="1" schemaName="tsp_attestationlog" behavior="0" />
      <RootComponent type="1" schemaName="tsp_attorney" behavior="0" />
      <RootComponent type="1" schemaName="tsp_bscaconfiguration" behavior="0" />
      <RootComponent type="1" schemaName="tsp_businessunit" behavior="0" />
      <RootComponent type="1" schemaName="tsp_record" behavior="0" />
      <RootComponent type="1" schemaName="tsp_recordclass" behavior="0" />
      <RootComponent type="1" schemaName="tsp_retentionpolicy" behavior="0" />
      <RootComponent type="1" schemaName="tsp_retentionpolicywebsite" behavior="0" />
      <RootComponent type="1" schemaName="tsp_website" behavior="0" />
      <RootComponent type="29" id="{782911be-a7d7-ed11-a7c7-000d3a339520}" behavior="0" />
      <RootComponent type="29" id="{7cf70b8f-66c1-ed11-83ff-000d3a339520}" behavior="0" />
      <RootComponent type="29" id="{aac15c9f-b7d7-ed11-a7c7-000d3a339520}" behavior="0" />
      <RootComponent type="29" id="{d438aeca-a5d7-ed11-a7c7-000d3a339520}" behavior="0" />
      <RootComponent type="29" id="{e71a860d-fed0-ed11-a7c7-000d3a339520}" behavior="0" />
      <RootComponent type="29" id="{f295a938-63c1-ed11-83ff-000d3a339520}" behavior="0" />
      <RootComponent type="62" schemaName="tsp_RecordsRetentionManagement" behavior="0" />
      <RootComponent type="80" schemaName="tsp_RecordsRetentionManagement" behavior="0" />
    </RootComponents>
    <MissingDependencies>
      <MissingDependency>
        <Required type="61" schemaName="msdyn_/Images/AppModule_Default_Icon.png" displayName="msdyn_/Images/AppModule_Default_Icon.png" solution="AppModuleWebResources (2.5)" />
        <Dependent type="80" schemaName="tsp_RecordsRetentionManagement" displayName="Records Retention Management" />
      </MissingDependency>
      <MissingDependency>
        <Required type="66" schemaName="MscrmControls.Grid.GridControl" displayName="MscrmControls.Grid.GridControl" solution="BaseCustomControlsCore (9.0.2304.1015)" />
        <Dependent type="68" id="{cc0d2e12-869f-4597-99e5-cb4be1060489}" />
      </MissingDependency>
    </MissingDependencies>
  </SolutionManifest>
</ImportExportXml>